dataset,domain,llm_label,human_label,llm_human_agree,status,num_source_candidates,human_idx,source_idxs,sentence,prd_word,prd_idx,label,span_mean,source_spans_inclusive,human_selected_spans,span_matched,grammar_status,optional,human_file,source_file
bn_gold_llmj_correct,bn,1,1,1,matched,1,1,[2166],"He was sober , he was rich and surrounded by a family who loved him but once again , Ozzy 's high would hit a low .",hit,24,ARG1,thing hit,"[(24, 25)]","[(24, 25)]",True,没有语法错误,False,annotations_gold_o1right_random_wlj_final.json,correct_data_bn_gold.json
bn_gold_llmj_correct,bn,1,1,1,matched,1,2,[2760],I think we all know that Arafat is in charge of the Palestinian Authority .,think,2,ARG0,Thinker,"[(0, 0)]","[(0, 0)]",True,没有语法错误,False,annotations_gold_o1right_random_wlj_final.json,correct_data_bn_gold.json
bn_gold_llmj_correct,bn,1,1,1,matched,1,3,[1899],I was never supportive of protocol because it did n't do what everyone needs to get done as far as climate change is concerned .,get,16,ARG0,instigator,"[(12, 12)]","[(12, 12)]",True,没有语法错误,False,annotations_gold_o1right_random_wlj_final.json,correct_data_bn_gold.json
bn_gold_llmj_correct,bn,1,1,1,matched,1,4,[633],"Just as he did that , that 's when you saw the child just walking just a few feet away from him but the officers were able to get the child away .",saw,11,ARG0,viewer,"[(9, 9)]","[(9, 9)]",True,没有语法错误,False,annotations_gold_o1right_random_wlj_final.json,correct_data_bn_gold.json
bn_gold_llmj_correct,bn,1,1,1,matched,1,5,[4373],"More than 70 people have been wounded , mostly Palestinians , but also several Israeli soldiers .",wounded,7,ARG1,injured party,"[(0, 3)]","[(0, 3)]",True,没有语法错误,False,annotations_gold_o1right_random_wlj_final.json,correct_data_bn_gold.json
bn_gold_llmj_correct,bn,1,1,1,matched,1,6,[2148],"Motorola saying it will eliminate another 3,000 jobs , 3 % of its work force .",eliminate,5,ARG0,entity removing,"[(2, 2)]","[(0, 0), (2, 2)]",True,没有语法错误,False,annotations_gold_o1right_random_wlj_final.json,correct_data_bn_gold.json
bn_gold_llmj_correct,bn,1,1,1,matched,1,7,[2390],Mr. Clinton promised the gathering at the Norfolk Naval station Wednesday that those who carried out the deadly attack that killed 17 sailors will be found .,promised,3,ARG0,promiser,"[(0, 1)]","[(0, 1)]",True,没有语法错误,False,annotations_gold_o1right_random_wlj_final.json,correct_data_bn_gold.json
bn_gold_llmj_correct,bn,1,1,1,matched,1,8,[1850],No one knows what will happen as the pups grow older and are able to open their eyes .,open,16,ARG1,thing opening,"[(16, 17)]","[(16, 17)]",True,没有语法错误,False,annotations_gold_o1right_random_wlj_final.json,correct_data_bn_gold.json
bn_gold_llmj_correct,bn,1,1,1,matched,1,9,[3846],"Not yet , says President George W. Bush , at the White House today , demanding that Khaddafi meet certain conditions first , to accept responsibility for this act , and to compensate the families .",says,4,ARG0,Sayer,"[(4, 7)]","[(4, 7)]",True,没有语法错误,False,annotations_gold_o1right_random_wlj_final.json,correct_data_bn_gold.json
bn_gold_llmj_correct,bn,1,0,0,matched,1,10,[1010],"One only has to recall the bombing of the US Marine barracks in Lebanon in 1983 , also a month before presidential election , also at a time when Israel was involving suitable ferment at that point in Lebanon now with the Palestinians , where the United States was also attempting actively to provide some stabilizing influence and unfortunately and tragically got caught up in the maelstrom and that seems to be the salient fact of this attack .",recall,5,ARG1,memory,"[(5, 66)]","[(5, 15)]",False,没有语法错误,False,annotations_gold_o1right_random_wlj_final.json,correct_data_bn_gold.json
bn_gold_llmj_correct,bn,1,1,1,matched,1,11,[1238],Palestinian gunmen fired on an Israeli car killing the driver .,fired,3,ARG0,shooter,"[(0, 1)]","[(0, 1)]",True,没有语法错误,False,annotations_gold_o1right_random_wlj_final.json,correct_data_bn_gold.json
bn_gold_llmj_correct,bn,1,1,1,matched,1,12,[3376],Some Yemenis expressed relief to see the ship leave .,leave,9,ARG0,,"[(6, 7)]","[(6, 7)]",True,没有语法错误,False,annotations_gold_o1right_random_wlj_final.json,correct_data_bn_gold.json
bn_gold_llmj_correct,bn,1,1,1,matched,1,13,[15],"Speaking of chicks -- call it puppy love , call it maternal instinct , but , mostly it 's just out of the ordinary .",call,10,ARG1,item being labelled,"[(10, 10)]","[(10, 10)]",True,没有语法错误,False,annotations_gold_o1right_random_wlj_final.json,correct_data_bn_gold.json
bn_gold_llmj_correct,bn,1,1,1,matched,1,14,[3735],The Israeli Army said the man had been approaching the guard post in a suspicious manner .,said,4,ARG1,Utterance,"[(4, 15)]","[(4, 15)]",True,没有语法错误,False,annotations_gold_o1right_random_wlj_final.json,correct_data_bn_gold.json
bn_gold_llmj_correct,bn,1,1,1,matched,1,15,[558],The congressman was known as a fervent liberal and supporter of the arts and he was noted for his success in getting congress to finance for national endowment for the art .,noted,17,ARG1,entity under scrutiny,"[(14, 14)]","[(14, 14)]",True,没有语法错误,False,annotations_gold_o1right_random_wlj_final.json,correct_data_bn_gold.json
bn_gold_llmj_correct,bn,1,1,1,matched,1,16,[1289],"The little town I was in this southern Iraq , as far as I got , I ca n't boast of further , is where the talks took place .",got,15,ARG1,thing in motion,"[(13, 13)]","[(13, 13)]",True,没有语法错误,False,annotations_gold_o1right_random_wlj_final.json,correct_data_bn_gold.json
bn_gold_llmj_correct,bn,1,1,1,matched,1,17,[4095],The note was found in the pocket of Lieutenant Dimitri Kolesnikov whose body was one of the first to be recovered the explosions that shattered the submarine .,shattered,25,ARG0,breaker,"[(21, 22)]","[(21, 22)]",True,没有语法错误,False,annotations_gold_o1right_random_wlj_final.json,correct_data_bn_gold.json
bn_gold_llmj_correct,bn,1,1,1,matched,1,18,[2275],"The trial of two Libyans accused of bombing Pam Am Flight 103 over Lockerbie , Scotland , is entering its final stage .",accused,6,ARG1,accused,"[(3, 4)]","[(3, 4)]",True,没有语法错误,False,annotations_gold_o1right_random_wlj_final.json,correct_data_bn_gold.json
bn_gold_llmj_correct,bn,1,1,1,matched,1,19,[3717],"They are going to allow India to assemble about 140 of these bombers here in India , and they are also going to finalize a deal whereby India will acquire the Admiral Gorshkov .",acquire,30,ARG0,"agent, entity acquiring something","[(27, 27)]","[(27, 27)]",True,没有语法错误,False,annotations_gold_o1right_random_wlj_final.json,correct_data_bn_gold.json
bn_gold_llmj_correct,bn,1,1,1,matched,1,20,[3703],"They are going to allow India to assemble about 140 of these bombers here in India , and they are also going to finalize a deal whereby India will acquire the Admiral Gorshkov .",allow,5,ARG0,allower,"[(0, 0)]","[(0, 0)]",True,没有语法错误,False,annotations_gold_o1right_random_wlj_final.json,correct_data_bn_gold.json
bn_gold_llmj_correct,bn,1,1,1,matched,1,21,[3708],"They are going to allow India to assemble about 140 of these bombers here in India , and they are also going to finalize a deal whereby India will acquire the Admiral Gorshkov .",assemble,8,ARG1,construction,"[(8, 12)]","[(8, 12)]",True,没有语法错误,False,annotations_gold_o1right_random_wlj_final.json,correct_data_bn_gold.json
bn_gold_llmj_correct,bn,1,1,1,matched,1,22,[447],They do n't realize that you know the real execution is really black 's black like them .,realize,4,ARG0,new knower,"[(0, 0)]","[(0, 0)]",True,没有语法错误,False,annotations_gold_o1right_random_wlj_final.json,correct_data_bn_gold.json
bn_gold_llmj_correct,bn,1,1,1,matched,1,23,[3148],"Though a spate of pre-election violence kept some Haitians away from the polls on Sunday , the voting itself went relatively smoothly .",kept,7,ARG2,other noun,"[(9, 12)]","[(9, 12)]",True,没有语法错误,False,annotations_gold_o1right_random_wlj_final.json,correct_data_bn_gold.json
bn_gold_llmj_correct,bn,1,1,1,matched,1,24,[3917],US Energy Secretary Bill Richardson has extended an emergency order to keep electricity flowing to California .,extended,7,ARG0,"agent, entity making something be longer","[(0, 4)]","[(0, 4)]",True,没有语法错误,False,annotations_gold_o1right_random_wlj_final.json,correct_data_bn_gold.json
bn_gold_llmj_correct,bn,1,1,1,matched,1,25,[2353],We are going to take `` a closer look '' at the great Wind Cave in South Dakota .,look,9,ARG1,thing looked at or for or on,"[(10, 17)]","[(10, 17)]",True,没有语法错误,False,annotations_gold_o1right_random_wlj_final.json,correct_data_bn_gold.json
bn_gold_llmj_correct,bn,1,1,1,matched,1,26,[146],"Well , the work that we have so far in English translation suggests that , and indeed this novel , which is a celebration as well of the self of the individual , goes so far as to even divide up to the self .",celebration,24,ARG1,,"[(26, 31)]","[(26, 31)]",True,没有语法错误,False,annotations_gold_o1right_random_wlj_final.json,correct_data_bn_gold.json
bn_gold_llmj_correct,bn,1,1,1,matched,1,27,[2096],"While both the Pentagon and the Justice Department today dispatched teams of experts to Yemen to investigate the explosion , Secretary of State Madeleine Albright urged caution saying it was too early to jump to any conclusions .",dispatched,10,ARG2,dispatched to,"[(13, 14)]","[(13, 14)]",True,没有语法错误,False,annotations_gold_o1right_random_wlj_final.json,correct_data_bn_gold.json
bn_gold_llmj_correct,bn,1,1,1,matched,1,28,[4161],Yemen 's Prime Minister says at least three Yemenis will go on trial next month in connection with the attack .,go,11,ARG2,attribute of arg1,"[(11, 12)]","[(11, 12)]",True,没有语法错误,False,annotations_gold_o1right_random_wlj_final.json,correct_data_bn_gold.json
bn_gold_llmj_correct,bn,1,1,1,matched,1,29,[296],"Yesterday , Mr. Clinton spoke to supporters in his home state of Arkansas .",spoke,5,ARG2,hearer,"[(5, 12)]","[(5, 6), (5, 12)]",True,没有语法错误,False,annotations_gold_o1right_random_wlj_final.json,correct_data_bn_gold.json
bn_gold_llmj_correct,bn,1,0,0,matched,1,30,[2931],"You have also expressed concern about excessive executive compensation , particularly CEO compensation .",compensation,9,ARG2,,"[(7, 7)]",[],False,没有语法错误,False,annotations_gold_o1right_random_wlj_final.json,correct_data_bn_gold.json
tc_gold_llmj_correct,tc,1,1,1,matched,1,1,[10],"%um , %um , which we had already anticipated that it was going to happen .",anticipated,9,ARG0,anticipater,"[(5, 5)]","[(5, 5)]",True,没有语法错误,False,annotation_tc_gold_o1right_random30_wlj.json,correct_data_tc_gold.json
tc_gold_llmj_correct,tc,1,1,1,matched,1,2,[3973],"And , %uh , what happened was after I had turned in my thesis but before I saw Neil again , he went to a conference in Rochester and there this was a big issue among the people who were doing this work , was , that their models could n't show this as a driven frequency ,",turned,11,ARG1,,"[(12, 13)]","[(12, 13)]",True,没有语法错误,False,annotation_tc_gold_o1right_random30_wlj.json,correct_data_tc_gold.json
tc_gold_llmj_correct,tc,1,1,1,matched,1,3,[3132],And like I have n't even started mine . mhm . You know,started,7,ARG0,Agent,"[(2, 2)]","[(2, 2)]",True,没有语法错误,False,annotation_tc_gold_o1right_random30_wlj.json,correct_data_tc_gold.json
tc_gold_llmj_correct,tc,1,1,1,matched,1,4,[4098],And she 's just not going to have the same kind of career that she had thought about .,have,8,ARG0,owner,"[(1, 1)]","[(1, 1)]",True,没有语法错误,False,annotation_tc_gold_o1right_random30_wlj.json,correct_data_tc_gold.json
tc_gold_llmj_correct,tc,1,1,1,matched,1,5,[2303],And so the problem is that now they found out that it 's worth breaking into .,found,9,ARG1,,"[(10, 15)]","[(10, 15)]",True,没有语法错误,False,annotation_tc_gold_o1right_random30_wlj.json,correct_data_tc_gold.json
tc_gold_llmj_correct,tc,1,1,1,matched,1,6,[145],And what 's actually kind of interesting is I kept telling Neil that I thought that this was kind of significant .,kept,10,ARG0,causer of continued action,"[(8, 8)]","[(8, 8)]",True,没有语法错误,False,annotation_tc_gold_o1right_random30_wlj.json,correct_data_tc_gold.json
tc_gold_llmj_correct,tc,1,1,1,matched,1,7,[3967],"But you know , I mean that mhm . should n't be a big deal . %um",mean,6,ARG0,agent,"[(4, 4)]","[(4, 4)]",True,没有语法错误,False,annotation_tc_gold_o1right_random30_wlj.json,correct_data_tc_gold.json
tc_gold_llmj_correct,tc,1,1,1,matched,1,8,[2021],I 've got a student here who 's checking out rooms and stuff .,checking,9,ARG0,,"[(3, 4)]","[(3, 4)]",True,没有语法错误,False,annotation_tc_gold_o1right_random30_wlj.json,correct_data_tc_gold.json
tc_gold_llmj_correct,tc,1,1,1,matched,1,9,[3598],"I , %um , not exactly convinced that . It 's okay . You know ,",know,15,ARG0,knower,"[(13, 13)]","[(13, 13)]",True,没有语法错误,False,annotation_tc_gold_o1right_random30_wlj.json,correct_data_tc_gold.json
tc_gold_llmj_correct,tc,1,1,1,matched,1,10,[3393],I guess so .,guess,2,ARG0,guesser,"[(0, 0)]","[(0, 0)]",True,没有语法错误,False,annotation_tc_gold_o1right_random30_wlj.json,correct_data_tc_gold.json
tc_gold_llmj_correct,tc,1,1,1,matched,1,11,[4160],I know Sue is going to Rhode Island .,know,2,ARG1,fact that is known,"[(2, 7)]","[(2, 7)]",True,没有语法错误,False,annotation_tc_gold_o1right_random30_wlj.json,correct_data_tc_gold.json
tc_gold_llmj_correct,tc,1,1,1,matched,1,12,[4161],I know Sue is going to Rhode Island .,going,5,ARG0,goer,"[(2, 2)]","[(2, 2)]",True,没有语法错误,False,annotation_tc_gold_o1right_random30_wlj.json,correct_data_tc_gold.json
tc_gold_llmj_correct,tc,1,1,1,matched,1,13,[691],"I said you know it 's a shame that you ca n't go no place and I can get a good report on you you know , %um , and by her going to Francis and things , and Francis seeing for herself ,",going,33,ARG0,goer,"[(31, 31)]","[(31, 31)]",True,没有语法错误,False,annotation_tc_gold_o1right_random30_wlj.json,correct_data_tc_gold.json
tc_gold_llmj_correct,tc,1,1,1,matched,1,14,[1379],"If not , call Anya 's parents if you do n't have a new phone number for me .",call,4,ARG1,entity summoned,"[(4, 6)]","[(4, 6)]",True,没有语法错误,False,annotation_tc_gold_o1right_random30_wlj.json,correct_data_tc_gold.json
tc_gold_llmj_correct,tc,1,1,1,matched,1,15,[606],So if you do n't have any ideas we 'll just put something together for you .,put,12,ARG2,attribute of arg1,"[(13, 13)]","[(13, 13)]",True,没有语法错误,False,annotation_tc_gold_o1right_random30_wlj.json,correct_data_tc_gold.json
tc_gold_llmj_correct,tc,1,1,1,matched,1,16,[3987],Well I mean he does work his ass off,mean,3,ARG0,agent,"[(1, 1)]","[(1, 1)]",True,没有语法错误,False,annotation_tc_gold_o1right_random30_wlj.json,correct_data_tc_gold.json
tc_gold_llmj_correct,tc,1,1,1,matched,1,17,[1082],"You know , I mean , we 're d- , you know ,",mean,5,ARG0,agent,"[(3, 3)]","[(3, 3)]",True,没有语法错误,False,annotation_tc_gold_o1right_random30_wlj.json,correct_data_tc_gold.json
tc_gold_llmj_correct,tc,1,1,1,matched,1,18,[2446],"You wo n't lose it , you know ,",know,8,ARG0,knower,"[(6, 6)]","[(6, 6)]",True,没有语法错误,False,annotation_tc_gold_o1right_random30_wlj.json,correct_data_tc_gold.json
tc_gold_llmj_correct,tc,1,1,1,matched,1,19,[2931],"and I 've said that yeah I will give a urine sample or a blood sample if they call me back for those , but they 're going to have to pay my trip back to the states . because there 's no bases in Holland and I 'm not going to pay out of my own expenses to go to Germany or something for them .",give,9,ARG0,giver,"[(6, 6)]","[(6, 6)]",True,没有语法错误,False,annotation_tc_gold_o1right_random30_wlj.json,correct_data_tc_gold.json
tc_gold_llmj_correct,tc,1,1,1,matched,1,20,[332],and she 's climbing up the stairs .,climbing,4,ARG0,climber,"[(1, 1)]","[(1, 1)]",True,没有语法错误,False,annotation_tc_gold_o1right_random30_wlj.json,correct_data_tc_gold.json
tc_gold_llmj_correct,tc,1,1,1,matched,1,21,[2529],"and we can like do a quick dinner or something yeah and go see whatever you want to see ,",go,13,ARG0,subject,"[(1, 1)]","[(1, 1)]",True,没有语法错误,False,annotation_tc_gold_o1right_random30_wlj.json,correct_data_tc_gold.json
tc_gold_llmj_correct,tc,1,1,1,matched,1,22,[1972],as soon as you get into Holland and get yourself settled you can call me,call,14,ARG1,entity summoned,"[(14, 14)]","[(14, 14)]",True,没有语法错误,False,annotation_tc_gold_o1right_random30_wlj.json,correct_data_tc_gold.json
tc_gold_llmj_correct,tc,1,1,1,matched,1,23,[2330],but the Americans as soon as you ask for another citizenship that act of asking for it takes away your American citizenship .,takes,18,ARG0,,"[(11, 16)]","[(11, 16)]",True,没有语法错误,False,annotation_tc_gold_o1right_random30_wlj.json,correct_data_tc_gold.json
tc_gold_llmj_correct,tc,1,1,1,matched,1,24,[2236],do you know if Jack called Spencer yet ?,called,6,ARG0,caller,"[(4, 4)]","[(4, 4)]",True,没有语法错误,False,annotation_tc_gold_o1right_random30_wlj.json,correct_data_tc_gold.json
tc_gold_llmj_correct,tc,1,1,1,matched,1,25,[3740],"oh , I 'm sorry we 're going to miss her .",miss,10,ARG1,"thing longed for, thing lacking","[(10, 10)]","[(10, 10)]",True,没有语法错误,False,annotation_tc_gold_o1right_random30_wlj.json,correct_data_tc_gold.json
tc_gold_llmj_correct,tc,1,1,1,matched,1,26,[1173],"oh , I did n't realize that .",realize,6,ARG0,new knower,"[(2, 2)]","[(2, 2)]",True,没有语法错误,False,annotation_tc_gold_o1right_random30_wlj.json,correct_data_tc_gold.json
tc_gold_llmj_correct,tc,1,1,1,matched,1,27,[1305],oh gosh . I bet you 're getting lonely .,getting,8,ARG2,attribute of arg1 (not a VP node),"[(8, 8)]","[(8, 8)]",True,没有语法错误,False,annotation_tc_gold_o1right_random30_wlj.json,correct_data_tc_gold.json
tc_gold_llmj_correct,tc,1,1,1,matched,1,28,[3962],oh they want their share .,want,3,ARG0,Wanter,"[(1, 1)]","[(1, 1)]",True,没有语法错误,False,annotation_tc_gold_o1right_random30_wlj.json,correct_data_tc_gold.json
tc_gold_llmj_correct,tc,1,1,1,matched,1,29,[483],so you might as well spend the time .,spend,6,ARG1,unit of time,"[(6, 7)]","[(6, 7)]",True,没有语法错误,False,annotation_tc_gold_o1right_random30_wlj.json,correct_data_tc_gold.json
tc_gold_llmj_correct,tc,1,1,1,matched,1,30,[2559],"yeah , I think that there was some concern about her when I talked to you in September or October .",talked,14,ARG0,talker,"[(12, 12)]","[(12, 12)]",True,没有语法错误,False,annotation_tc_gold_o1right_random30_wlj.json,correct_data_tc_gold.json
bn_smallmodel_llmj_incorrect,bn,0,1,0,matched,1,1,[2267],Electrical resources in the West Coast state are stretched to their limit with a looming threat of rolling blackouts .,stretched,9,ARG0,"agent, entity making something be longer","[(12, 18)]",[],False,没有语法错误,False,annotations_smallmodel_botherror_random_wlj_final.json,incorrect_data_bn_smallmodel.json
bn_smallmodel_llmj_incorrect,bn,0,1,0,matched,2,2,"[1977, 1979]","Gao Xingjian arrived in Stockholm this week and when he leaves the Chinese born writer will have something extra in his suitcase , the Nobel Prize for Literature .",born,14,ARG0,mother,"[(9, 9), (12, 12)]",[],False,没有语法错误,False,annotations_smallmodel_botherror_random_wlj_final.json,incorrect_data_bn_smallmodel.json
bn_smallmodel_llmj_incorrect,bn,0,1,0,matched,1,3,[1327],"He is not as easy to make fun of yet Yubitritch says , unlike Milosevic , but that does n't mean he will escape the scrutiny and sharp wits of Index Theater .",does,19,ARG1,,"[(19, 31)]",[],False,没有语法错误,False,annotations_smallmodel_botherror_random_wlj_final.json,incorrect_data_bn_smallmodel.json
bn_smallmodel_llmj_incorrect,bn,0,1,0,matched,1,4,[1319],"He is not as easy to make fun of yet Yubitritch says , unlike Milosevic , but that does n't mean he will escape the scrutiny and sharp wits of Index Theater .",make,7,ARG0,creator,"[(0, 0)]",[],False,没有语法错误,False,annotations_smallmodel_botherror_random_wlj_final.json,incorrect_data_bn_smallmodel.json
bn_smallmodel_llmj_incorrect,bn,0,1,0,matched,1,5,[5035],"I 'm sure that it was difficult for her personally , but I think the commuter marriage perhaps would have been less stressful if everyday she did n't see herself being undermined and overruled .",did,27,ARG1,,"[(27, 33)]",[],False,没有语法错误,False,annotations_smallmodel_botherror_random_wlj_final.json,incorrect_data_bn_smallmodel.json
bn_smallmodel_llmj_incorrect,bn,0,1,0,matched,1,6,[2098],"I think a number of the reforms that have come via the Sarbanes - Oxley Act and a number of things that we have done at the SEC are basically making everybody take a new look at how they 're performing their duty as a director , how they 're performing their duties on audit committees and compensation committees and in Wall Street .",think,2,ARG1,Thought,"[(28, 62)]","[(2, 62)]",False,没有语法错误,False,annotations_smallmodel_botherror_random_wlj_final.json,incorrect_data_bn_smallmodel.json
bn_smallmodel_llmj_incorrect,bn,0,1,0,matched,1,7,[2352],"I want everybody who tried to vote who legally voted to have their vote count , including service people .",voted,10,ARG0,voter,"[(2, 6)]","[(2, 2), (7, 7)]",False,没有语法错误,False,annotations_smallmodel_botherror_random_wlj_final.json,incorrect_data_bn_smallmodel.json
bn_smallmodel_llmj_incorrect,bn,0,1,0,matched,1,8,[2689],"If you can stay and make it happen , the place where you was born , where you grew up then try to make it there .",make,24,ARG2,,"[(25, 25)]",[],False,没有语法错误,False,annotations_smallmodel_botherror_random_wlj_final.json,incorrect_data_bn_smallmodel.json
bn_smallmodel_llmj_incorrect,bn,0,1,0,matched,1,9,[5240],"In fact he had to burn up an entire suitcase full of hundreds of poems and plays and stories at the start of the Cultural Revolution in fear of going to prison , and then in 1983 after being diagnosed with lung cancer , which had killed his father three years earlier and being convinced that he himself was going to die , he gets a kind of reprieve .",diagnosed,40,ARG2,illness,"[(55, 61)]","[(40, 42), (41, 42)]",False,没有语法错误,False,annotations_smallmodel_botherror_random_wlj_final.json,incorrect_data_bn_smallmodel.json
bn_smallmodel_llmj_incorrect,bn,0,1,0,matched,1,10,[717],"Russia has very little influence with Pakistan , but of course Russia supplies India with 70 % of its military hardware and that was of course the second pillar here of Mr. Putin 's visit , which was to finalize some very substantial arms deals .",finalize,40,ARG0,"agent, entity finalizing something","[(31, 33)]","[(31, 32), (31, 34)]",False,没有语法错误,False,annotations_smallmodel_botherror_random_wlj_final.json,incorrect_data_bn_smallmodel.json
bn_smallmodel_llmj_incorrect,bn,0,1,0,matched,1,11,[4307],Thank you James .,Thank,1,ARG2,for what?,"[(2, 2)]",[],False,没有语法错误,False,annotations_smallmodel_botherror_random_wlj_final.json,incorrect_data_bn_smallmodel.json
bn_smallmodel_llmj_incorrect,bn,0,1,0,matched,1,12,[3175],"The Bush team , responding quickly saying there would not be such support and that in that scenario Gore could only be seen as a sore loser .",responding,5,ARG1,in response to,"[(0, 2)]",[],False,没有语法错误,False,annotations_smallmodel_botherror_random_wlj_final.json,incorrect_data_bn_smallmodel.json
bn_smallmodel_llmj_incorrect,bn,0,1,0,matched,1,13,[1132],The Indian lawmakers were sort of clambering over each other to shake his hand as he left the parliament building .,clambering,7,ARG1,,"[(7, 9)]",[],False,没有语法错误,False,annotations_smallmodel_botherror_random_wlj_final.json,incorrect_data_bn_smallmodel.json
bn_smallmodel_llmj_incorrect,bn,0,1,0,matched,1,14,[37],The Israeli Army said it was checking the reports .,reports,9,ARG0,Reporter,"[(4, 4)]",[],False,没有语法错误,False,annotations_smallmodel_botherror_random_wlj_final.json,incorrect_data_bn_smallmodel.json
bn_smallmodel_llmj_incorrect,bn,0,1,0,matched,1,15,[2574],The question should be what the Hosni Mubarak are they still doing there eight years after the peace process began .,doing,12,ARG1,thing done,"[(5, 7)]","[(4, 4)]",False,没有语法错误,False,annotations_smallmodel_botherror_random_wlj_final.json,incorrect_data_bn_smallmodel.json
bn_smallmodel_llmj_incorrect,bn,0,1,0,matched,1,16,[2616],The warning came as General Anthony Zinni was finalizing an agreement for refueling ships in the Yemeni port of Aden .,refueling,13,ARG0,"provider of fuel, agent","[(4, 6)]",[],False,没有语法错误,False,annotations_smallmodel_botherror_random_wlj_final.json,incorrect_data_bn_smallmodel.json
bn_smallmodel_llmj_incorrect,bn,0,1,0,matched,1,17,[3840],These arms agreements that we were just speaking about have taken quite some time to finalize .,speaking,8,ARG2,hearer,"[(0, 2)]",[],False,没有语法错误,False,annotations_smallmodel_botherror_random_wlj_final.json,incorrect_data_bn_smallmodel.json
bn_smallmodel_llmj_incorrect,bn,0,1,0,matched,1,18,[6009],"They tried to shoo the hen away but she kept coming back , even putting up baby gates to try to keep the chicken out .",try,20,ARG0,Agent/Entity Trying,"[(8, 8)]","[(0, 0)]",False,没有语法错误,False,annotations_smallmodel_botherror_random_wlj_final.json,incorrect_data_bn_smallmodel.json
bn_smallmodel_llmj_incorrect,bn,0,1,0,matched,1,19,[6013],"They tried to shoo the hen away but she kept coming back , even putting up baby gates to try to keep the chicken out .",keep,22,ARG0,causer of separation,"[(8, 8)]","[(0, 0)]",False,没有语法错误,False,annotations_smallmodel_botherror_random_wlj_final.json,incorrect_data_bn_smallmodel.json
bn_smallmodel_llmj_incorrect,bn,0,1,0,matched,1,20,[3212],Violence ripped through almost every major Palestinian town today .,ripped,2,ARG1,entity moving,"[(2, 7)]","[(0, 0)]",False,没有语法错误,False,annotations_smallmodel_botherror_random_wlj_final.json,incorrect_data_bn_smallmodel.json
bn_smallmodel_llmj_incorrect,bn,0,1,0,matched,1,21,[3687],"We 'll talk with a terror expert about that , and Iraqi deserters on the northern front , Ben Wedeman has their story why they 're no longer fighting for Saddam Hussein and Don Shepperd is going to answer some of your questions as he looks at the battle hot spots .",fighting,29,ARG1,"second fighter, if separate","[(29, 31)]",[],False,没有语法错误,False,annotations_smallmodel_botherror_random_wlj_final.json,incorrect_data_bn_smallmodel.json
bn_smallmodel_llmj_incorrect,bn,0,1,0,matched,1,22,[4063],We know their view is the hand counts should now be included .,included,12,ARG1,"theme, thing being included in some group","[(2, 7)]","[(5, 7)]",False,没有语法错误,False,annotations_smallmodel_botherror_random_wlj_final.json,incorrect_data_bn_smallmodel.json
bn_smallmodel_llmj_incorrect,bn,0,0,1,matched,1,23,[1912],We will find out who is responsible and hold them accountable .,hold,9,ARG1,thing held,"[(10, 10)]","[(10, 10)]",True,没有语法错误,False,annotations_smallmodel_botherror_random_wlj_final.json,incorrect_data_bn_smallmodel.json
bn_smallmodel_llmj_incorrect,bn,0,1,0,matched,1,24,[193],"Well , the work that we have so far in English translation suggests that , and indeed this novel , which is a celebration as well of the self of the individual , goes so far as to even divide up to the self .",celebration,24,ARG1,,"[(24, 31)]","[(26, 31)]",False,没有语法错误,False,annotations_smallmodel_botherror_random_wlj_final.json,incorrect_data_bn_smallmodel.json
bn_smallmodel_llmj_incorrect,bn,0,0,1,matched,1,25,[194],"Well , the work that we have so far in English translation suggests that , and indeed this novel , which is a celebration as well of the self of the individual , goes so far as to even divide up to the self .",divide,40,ARG1,separated entity,"[(17, 18)]","[(17, 18), (17, 31), (42, 43)]",True,没有语法错误,False,annotations_smallmodel_botherror_random_wlj_final.json,incorrect_data_bn_smallmodel.json
bn_smallmodel_llmj_incorrect,bn,0,1,0,matched,1,26,[2937],"While both the Pentagon and the Justice Department today dispatched teams of experts to Yemen to investigate the explosion , Secretary of State Madeleine Albright urged caution saying it was too early to jump to any conclusions .",urged,26,ARG1,impelled agent,"[(26, 26)]",[],False,没有语法错误,False,annotations_smallmodel_botherror_random_wlj_final.json,incorrect_data_bn_smallmodel.json
bn_smallmodel_llmj_incorrect,bn,0,1,0,matched,1,27,[5459],"While the Gore menu remains a family secret , the Bush clan all to happy to share some of his favorite fare -- jalapeno pecan cornbread stuffing and coconut cake .",share,17,ARG0,sharer,"[(9, 10)]","[(9, 11)]",False,没有语法错误,False,annotations_smallmodel_botherror_random_wlj_final.json,incorrect_data_bn_smallmodel.json
bn_smallmodel_llmj_incorrect,bn,0,1,0,matched,1,28,[2744],"Witnesses said Israeli soldiers fired live ammunition and rubber - coated metal bullets , wounding at least seven people .",coated,11,ARG1,covered,"[(11, 19)]","[(11, 12)]",False,没有语法错误,False,annotations_smallmodel_botherror_random_wlj_final.json,incorrect_data_bn_smallmodel.json
bn_smallmodel_llmj_incorrect,bn,0,1,0,matched,1,29,[4079],"You have also expressed concern about excessive executive compensation , particularly CEO compensation .",compensation,9,ARG0,,"[(7, 7)]",[],False,没有语法错误,False,annotations_smallmodel_botherror_random_wlj_final.json,incorrect_data_bn_smallmodel.json
bn_smallmodel_llmj_incorrect,bn,0,1,0,matched,1,30,[1048],"You know , as a music lover that I am , there 's five acts all playing at the same time on five different stages that I want to see .",know,2,ARG1,fact that is known,"[(2, 29)]",[],False,没有语法错误,False,annotations_smallmodel_botherror_random_wlj_final.json,incorrect_data_bn_smallmodel.json
tc_smallmodel_llmj_incorrect,tc,0,1,0,matched,1,1,[2567],%uh lay there let me look at my grandmother kind of thing,let,4,ARG1,action allowed,"[(4, 10)]","[(4, 8)]",False,没有语法错误,False,annotation_tc_smallmodel_o1wrong_random30_wlj.json,incorrect_data_tc_smallmodel.json
tc_smallmodel_llmj_incorrect,tc,0,1,0,matched,1,2,[6206],%uh would you mind %uh taking her back,mind,4,ARG1,bothered by,"[(4, 7)]","[(5, 7)]",False,没有语法错误,False,annotation_tc_smallmodel_o1wrong_random30_wlj.json,incorrect_data_tc_smallmodel.json
tc_smallmodel_llmj_incorrect,tc,0,1,0,matched,1,3,[4746],"%um , depends on what you guys want to see .",depends,3,ARG0,depender,"[(0, 0)]",[],False,没有语法错误,False,annotation_tc_smallmodel_o1wrong_random30_wlj.json,incorrect_data_tc_smallmodel.json
tc_smallmodel_llmj_incorrect,tc,0,0,1,matched,1,4,[8976],"%um , they had just moved to He 's in New York now , right ? a really nice house in Westchester .",moved,6,ARG2,destination,"[(6, 11)]","[(6, 11), (6, 21)]",True,没有语法错误,False,annotation_tc_smallmodel_o1wrong_random30_wlj.json,incorrect_data_tc_smallmodel.json
tc_smallmodel_llmj_incorrect,tc,0,0,1,matched,1,5,[116],"And it was a very nice letter , because it sounded like she went through very similar things that I did .",did,21,ARG1,,"[(15, 17)]","[(15, 17)]",True,没有语法错误,False,annotation_tc_smallmodel_o1wrong_random30_wlj.json,incorrect_data_tc_smallmodel.json
tc_smallmodel_llmj_incorrect,tc,0,1,0,matched,1,6,[3255],"And she said the students are just ,",said,3,ARG1,Utterance,"[(3, 7)]","[(3, 6)]",False,没有语法错误,False,annotation_tc_smallmodel_o1wrong_random30_wlj.json,incorrect_data_tc_smallmodel.json
tc_smallmodel_llmj_incorrect,tc,0,0,1,matched,1,7,[7138],"And that thing that came up recently , , you know I had , oh , a kind of a knee problem a couple of years ago .",know,11,ARG1,fact that is known,"[(11, 26)]","[(11, 26)]",True,没有语法错误,False,annotation_tc_smallmodel_o1wrong_random30_wlj.json,incorrect_data_tc_smallmodel.json
tc_smallmodel_llmj_incorrect,tc,0,1,0,matched,1,8,[4296],And then they operated on,operated,4,ARG1,,"[(2, 2)]",[],False,没有语法错误,False,annotation_tc_smallmodel_o1wrong_random30_wlj.json,incorrect_data_tc_smallmodel.json
tc_smallmodel_llmj_incorrect,tc,0,0,1,matched,1,9,[786],Got to get that up to five .,get,3,ARG2,,"[(4, 6)]","[(4, 6)]",True,没有语法错误,False,annotation_tc_smallmodel_o1wrong_random30_wlj.json,incorrect_data_tc_smallmodel.json
tc_smallmodel_llmj_incorrect,tc,0,1,0,matched,1,10,[3686],I actually got to see her I guess a day before she died .,got,3,ARG2,,"[(3, 5)]",[],False,没有语法错误,False,annotation_tc_smallmodel_o1wrong_random30_wlj.json,incorrect_data_tc_smallmodel.json
tc_smallmodel_llmj_incorrect,tc,0,1,0,matched,1,11,[7427],I just would n't go .,go,5,ARG1,journey,"[(0, 0)]",[],False,没有语法错误,False,annotation_tc_smallmodel_o1wrong_random30_wlj.json,incorrect_data_tc_smallmodel.json
tc_smallmodel_llmj_incorrect,tc,0,0,1,matched,1,12,[250],I mean it is you know I mean absorbed,mean,2,ARG1,element containing meaning,"[(2, 8)]","[(2, 8)]",True,没有语法错误,True,annotation_tc_smallmodel_o1wrong_random30_wlj.json,incorrect_data_tc_smallmodel.json
tc_smallmodel_llmj_incorrect,tc,0,1,0,matched,1,13,[1544],"I said you know it 's a shame that you ca n't go no place and I can get a good report on you you know , %um , and by her going to Francis and things , and Francis seeing for herself ,",know,26,ARG1,fact that is known,"[(23, 23)]",[],False,没有语法错误,False,annotation_tc_smallmodel_o1wrong_random30_wlj.json,incorrect_data_tc_smallmodel.json
tc_smallmodel_llmj_incorrect,tc,0,1,0,matched,1,14,[5008],"I think I had mentioned before %uh , that there 's a company now that I 'm working with %um , %uh , which is very much just myself and Guss .",working,18,ARG1,"job, project","[(11, 12)]",[],False,没有语法错误,False,annotation_tc_smallmodel_o1wrong_random30_wlj.json,incorrect_data_tc_smallmodel.json
tc_smallmodel_llmj_incorrect,tc,0,0,1,matched,1,15,[1716],Not enough relatives left here anymore ?,left,4,ARG1,,"[(1, 2)]","[(1, 2)]",True,没有语法错误,False,annotation_tc_smallmodel_o1wrong_random30_wlj.json,incorrect_data_tc_smallmodel.json
tc_smallmodel_llmj_incorrect,tc,0,1,0,matched,1,16,[3832],"So , I assume it 's hard for you not to eat as much as he does .",eat,12,ARG1,meal,"[(12, 16)]",[],False,没有语法错误,False,annotation_tc_smallmodel_o1wrong_random30_wlj.json,incorrect_data_tc_smallmodel.json
tc_smallmodel_llmj_incorrect,tc,0,1,0,matched,2,17,"[3913, 3917]",Told her that she could n't talk to Jasmine play with Jasmine because she said she hurt Jasmine 's Jetta you know,talk,7,ARG1,subject,"[(9, 11), (7, 11)]",[],False,没有语法错误,False,annotation_tc_smallmodel_o1wrong_random30_wlj.json,incorrect_data_tc_smallmodel.json
tc_smallmodel_llmj_incorrect,tc,0,1,0,matched,1,18,[8412],"Which you know , given how far he 's gotten , you know , he got his degree at Tufts and all , I found that surprising that for the first time as an adult they 're diagnosing this . %um",gotten,10,ARG2,destination,"[(5, 6)]",[],False,没有语法错误,False,annotation_tc_smallmodel_o1wrong_random30_wlj.json,incorrect_data_tc_smallmodel.json
tc_smallmodel_llmj_incorrect,tc,0,1,0,matched,1,19,[6477],"and I 've said that yeah I will give a urine sample or a blood sample if they call me back for those , but they 're going to have to pay my trip back to the states . because there 's no bases in Holland and I 'm not going to pay out of my own expenses to go to Germany or something for them .",call,19,ARG3,,"[(21, 22)]",[],False,没有语法错误,False,annotation_tc_smallmodel_o1wrong_random30_wlj.json,incorrect_data_tc_smallmodel.json
tc_smallmodel_llmj_incorrect,tc,0,1,0,matched,1,20,[6510],"and I 've said that yeah I will give a urine sample or a blood sample if they call me back for those , but they 're going to have to pay my trip back to the states . because there 's no bases in Holland and I 'm not going to pay out of my own expenses to go to Germany or something for them .",go,60,ARG3,start point,"[(64, 65)]",[],False,没有语法错误,False,annotation_tc_smallmodel_o1wrong_random30_wlj.json,incorrect_data_tc_smallmodel.json
tc_smallmodel_llmj_incorrect,tc,0,1,0,matched,1,21,[7484],and I think %uh %uh it 's not Frau,think,3,ARG1,Thought,"[(3, 8)]","[(4, 8)]",False,没有语法错误,False,annotation_tc_smallmodel_o1wrong_random30_wlj.json,incorrect_data_tc_smallmodel.json
tc_smallmodel_llmj_incorrect,tc,0,1,0,matched,1,22,[216],and I would have been spending more time on it if it were n't for %uh dealing with the burglary issues oh yeah but that I 've been dealing with .,dealing,17,ARG0,dealer (or all dealers),"[(15, 15)]",[],False,没有语法错误,False,annotation_tc_smallmodel_o1wrong_random30_wlj.json,incorrect_data_tc_smallmodel.json
tc_smallmodel_llmj_incorrect,tc,0,1,0,matched,1,23,[222],and I would have been spending more time on it if it were n't for %uh dealing with the burglary issues oh yeah but that I 've been dealing with .,dealing,29,ARG1,co-dealer,"[(18, 20)]",[],False,没有语法错误,False,annotation_tc_smallmodel_o1wrong_random30_wlj.json,incorrect_data_tc_smallmodel.json
tc_smallmodel_llmj_incorrect,tc,0,1,0,matched,1,24,[5516],"and she runs from ,",runs,3,ARG1,"course, race, distance","[(3, 3)]",[],False,没有语法错误,False,annotation_tc_smallmodel_o1wrong_random30_wlj.json,incorrect_data_tc_smallmodel.json
tc_smallmodel_llmj_incorrect,tc,0,1,0,matched,1,25,[8951],"like mom said she said even if it was going to be in September , she said the little things I can tolerate you know if that happens you know .",know,30,ARG1,fact that is known,"[(26, 26)]",[],False,没有语法错误,False,annotation_tc_smallmodel_o1wrong_random30_wlj.json,incorrect_data_tc_smallmodel.json
tc_smallmodel_llmj_incorrect,tc,0,0,1,matched,1,26,[8298],"or maybe I 'll just call you when we get in Holland just to let you know we 're there ,",let,15,ARG0,allower,"[(2, 2)]","[(2, 2)]",True,没有语法错误,True,annotation_tc_smallmodel_o1wrong_random30_wlj.json,incorrect_data_tc_smallmodel.json
tc_smallmodel_llmj_incorrect,tc,0,1,0,matched,1,27,[8850],so I decided that it would make sense to do this .,do,10,ARG0,"agent, doer","[(1, 1)]",[],False,没有语法错误,False,annotation_tc_smallmodel_o1wrong_random30_wlj.json,incorrect_data_tc_smallmodel.json
tc_smallmodel_llmj_incorrect,tc,0,1,0,matched,1,28,[1828],so I just got to pray that they,got,4,ARG2,,"[(4, 7)]",[],False,没有语法错误,False,annotation_tc_smallmodel_o1wrong_random30_wlj.json,incorrect_data_tc_smallmodel.json
tc_smallmodel_llmj_incorrect,tc,0,0,1,matched,1,29,[5101],"yeah , Good . an older home that you know Julie is of course carving up and making beautiful . %um",making,18,ARG1,impelled action/ predication,"[(18, 18)]","[(18, 18)]",True,没有语法错误,False,annotation_tc_smallmodel_o1wrong_random30_wlj.json,incorrect_data_tc_smallmodel.json
tc_smallmodel_llmj_incorrect,tc,0,0,1,matched,1,30,[2932],you know I 'll probably be there some time around six,know,2,ARG1,fact that is known,"[(2, 9)]","[(2, 9), (2, 10)]",True,没有语法错误,False,annotation_tc_smallmodel_o1wrong_random30_wlj.json,incorrect_data_tc_smallmodel.json
